#FID	IID	PC1	PC2	PC3	PC4	PC5	PC6	PC7	PC8	PC9	PC10	PC11	PC12	PC13	PC14	PC15	PC16	PC17	PC18	PC19	PC20	PC21	PC22	PC23	PC24	PC25	PC26	PC27	PC28	PC29	PC30	PC31	PC32	group	layout
SAMEA115481004	SAMEA115481004	-0.979554	0.0995973	0.0199599	-0.0186932	0.00384115	-0.0164357	-0.00504315	-0.00138376	-0.00271591	0.000646992	0.00378588	8.11429e-05	-0.000295629	-0.00202297	0.00120399	0.000535027	0.000260157	0.000417085	0.000389856	-0.00151598	0.000701463	0.000200163	0.000337554	9.09626e-05	0.000562038	-0.000529923	-0.000169896	0.000859123	-0.00102563	-0.000158134	0.000336741	-0.000265042	Aurochs_Mesolithic	single-end
SAMEA5577352	SAMEA5577352	-0.0570117	-0.928036	0.252416	-0.161238	0.0981945	0.0581767	0.0555178	0.000618698	0.00219509	0.00171566	0.00478503	0.00346997	-0.000662546	-0.0135135	-0.0124894	0.00385217	0.00107464	0.000394501	-0.000542653	0.0013168	-0.000331598	0.000258694	-0.000660264	-0.000224516	-0.00234401	-0.00117361	1.43385e-05	0.00178717	-0.000805363	-0.000189938	0.00031037	-0.000394881	Early Domestic Near East	single-end
SAMEA115481003	SAMEA115481003	-0.0077871	-0.213602	-0.953395	-0.103183	0.0106655	-0.0670487	-0.0202927	-0.00355277	-0.00681841	-0.000301517	0.0128494	-0.00306624	0.000512727	-0.00462222	0.00534184	-0.00177481	0.00181032	-0.000767801	0.0017213	-0.0066248	0.000370453	-3.81103e-05	0.00017888	0.000456568	0.000344453	7.70328e-05	-7.00533e-06	0.00149749	-0.000680306	-9.27379e-06	0.000104838	-0.000244144	Early_MedievalEurope	single-end
SAMEA112769379	SAMEA112769379	0.0262015	0.0196897	0.00151954	0.0805658	-0.0379415	0.102305	0.0404448	0.0674338	0.0446952	0.0270422	-0.626113	-0.0065719	0.72844	-0.127119	-0.00525058	-0.0434089	0.00627563	0.0146405	-0.000623094	-0.0240011	0.00152373	-0.000702576	0.00581565	0.0012013	-0.000146819	0.00146469	-0.000851824	0.00289608	-0.000193865	-0.000373086	-8.59021e-05	-0.000253745	swedish_modern	paired-end
SAMEA112769386	SAMEA112769386	0.0279046	0.0237829	0.00101297	0.0812065	-0.0305499	0.110091	0.0746143	0.123285	-0.0195212	0.0490785	-0.436117	0.0237787	-0.492925	-0.092182	0.0399938	-0.0504226	-0.00520724	0.690873	0.0312136	-0.013582	-0.00030884	-0.0147101	-0.000471917	0.0113366	-0.000850465	0.00308909	-0.00345272	0.00353844	-0.000834972	0.000363373	0.000146457	-0.000346714	swedish_modern	paired-end
SAMEA112769391	SAMEA112769391	0.0274526	0.023717	0.00273526	0.0805863	-0.0294563	0.107778	0.0744902	0.112731	-0.0250036	0.0501433	-0.4278	0.0239642	-0.456928	-0.0927168	0.0385398	-0.0502555	-0.00990942	-0.720993	-0.0176256	-0.0508723	0.00742873	0.015204	0.0061228	-0.00586969	-0.000848752	0.000835977	0.000446367	0.00250069	-0.000514724	-0.00036638	-0.000575449	-0.00029049	swedish_modern	paired-end
SAMEA112769398	SAMEA112769398	0.0312586	0.0367589	0.00740462	0.0631569	-0.0164457	0.121692	0.135174	0.35582	-0.205417	0.161782	0.197429	-0.0310148	0.0659439	-0.0191903	0.00949598	-0.0406089	0.00626299	0.0056637	-0.00173722	-0.0266627	0.00702476	0.00270564	-0.609384	-0.562126	0.00207696	0.00736775	0.00790445	0.00409039	-0.00173652	0.000127367	0.000271733	-0.000419101	swedish_modern	paired-end
SAMEA112769399	SAMEA112769399	0.0317076	0.0367144	0.00868105	0.0613073	-0.0199855	0.120665	0.139333	0.37153	-0.21829	0.171203	0.212482	-0.0287822	0.0712723	-0.023252	0.0140308	-0.0474148	0.00620271	-0.00913525	0.00798681	-0.0310488	-0.00735853	-0.00454817	-0.191807	0.788428	-0.00561632	-0.0011893	0.00300392	0.00377087	-0.00012182	0.000121092	-0.000584595	-0.000288521	swedish_modern	paired-end
SAMEA112769401	SAMEA112769401	0.0320363	0.0370088	0.00847604	0.0592268	-0.0181625	0.120574	0.142079	0.376298	-0.217084	0.173246	0.216072	-0.0326928	0.0677655	-0.0234458	0.0105704	-0.0454917	0.0042539	0.00786394	0.00903928	-0.0261126	0.00244211	0.00131659	0.769072	-0.248841	-0.00191441	0.00268921	-0.0113084	0.00377427	-0.000375427	0.000236754	-0.00040226	-0.000244317	swedish_modern	paired-end
SAMEA111531429	SAMEA111531429	0.0285227	-0.0232715	0.0361908	0.0908243	-0.0962634	0.0517502	-0.684948	0.113021	-0.0550293	-0.0763223	0.0420559	0.0445785	-0.00893433	-0.0730311	-0.0504569	-0.0203112	0.00661676	-0.00167996	-0.00118623	-0.0103431	-0.000313891	-0.00396514	0.00236268	0.00322953	-0.010051	0.666533	-0.0288319	0.00290036	-0.000921703	-0.000332699	1.95467e-06	-0.000313744	Swiss_modern	paired-end
SAMEA111531430	SAMEA111531430	0.026304	-0.0353931	0.0356304	0.134763	-0.173141	-0.172965	-0.0525474	-0.00889011	0.015154	0.0177574	-0.0541494	-0.106656	0.0279529	0.648829	0.667408	-0.0644219	0.00581621	-0.000188896	0.00528628	-0.0113069	0.00858433	0.00443455	0.00228615	-0.000828854	-0.00402746	0.00309073	-0.00259928	0.00323607	-0.000380907	-6.52056e-05	-0.000458111	-0.00030446	Swiss_modern	paired-end
SAMEA111531435	SAMEA111531435	0.0285182	0.0211405	0.00903654	0.0638589	-0.0395022	0.0805402	0.00259722	-0.1236	0.0528083	0.0802364	-0.00604567	-0.323759	-0.0126142	0.323753	-0.420715	-0.0853635	-0.732644	0.00416988	-0.0141813	-0.0310352	0.00975635	-0.00224478	0.000622929	0.00387665	-0.00039865	0.00109111	-0.00156414	0.00299616	-5.58923e-06	-0.000368185	-0.000473818	-0.00022863	Swiss_modern	paired-end
SAMEA111531436	SAMEA111531436	0.0281811	0.0209726	0.0081907	0.0817003	-0.039974	0.0933631	0.0121163	-0.137357	0.046052	0.0789185	-0.0226409	-0.352806	-0.0328597	0.353277	-0.460783	-0.0267428	0.678138	-0.00256871	0.0186456	-0.0141567	0.00725093	-0.00115447	0.00316647	0.00383879	0.00368607	9.10446e-05	-0.000736193	0.00321602	-0.000463361	-0.00031431	0.000137226	-0.000332106	Swiss_modern	paired-end
SAMEA111531437	SAMEA111531437	0.0308328	0.0278025	0.0137176	0.0754027	-0.0392943	0.113554	0.0387837	-0.274041	-0.0586297	-0.0655748	0.107061	-0.417854	-0.00143675	-0.326424	0.225537	0.0977082	-0.00366089	-0.000712245	0.106619	-0.0205659	0.00161015	-0.000837044	-0.000820879	-0.00336686	-0.706904	-0.000644438	-0.000943798	0.00370626	-0.000484999	-0.00011795	-0.00031713	-0.000259616	Swiss_modern	paired-end
SAMEA111531439	SAMEA111531439	0.0332647	0.0279636	0.0183559	0.0564639	-0.036309	0.0989208	0.0234879	-0.256655	-0.0508055	-0.0482958	0.103455	-0.429656	-0.00277162	-0.328294	0.232196	0.107307	-0.00774347	-0.00131088	0.114642	-0.0166009	0.00990919	-0.00117561	0.00129086	0.00396529	0.706552	0.00875197	-0.00347908	0.00296916	-0.000217106	-0.000127945	-0.000115742	-0.000265723	Swiss_modern	paired-end
SAMEA111531462	SAMEA111531462	0.0306859	0.0307801	0.00673793	0.0660567	-0.0225549	0.105384	0.0787266	-0.0694865	-0.12185	-0.195082	0.00898614	0.236414	0.0107408	0.127999	-0.0677113	0.488539	-0.0279774	0.0106613	0.180104	-0.0417058	-0.11223	0.72418	0.00167448	0.0042839	0.00507569	0.00672651	-0.00105409	0.00364767	0.000176377	-7.34547e-05	-4.17321e-05	-0.000243216	Swiss_modern	paired-end
SAMEA111531490	SAMEA111531490	0.0302266	0.0298119	0.00621696	0.0729417	-0.0199223	0.10821	0.0903473	-0.0749146	-0.136429	-0.222224	0.0106851	0.267342	0.0134543	0.142697	-0.0711197	0.475841	-0.0284914	-0.0206419	0.289161	-0.0596013	0.113438	-0.666246	0.0017609	-0.00201647	0.00398315	0.00493915	-0.0050279	0.00349186	-0.00124675	0.000555749	-0.000286158	-0.000361551	Swiss_modern	paired-end
SAMEA111531531	SAMEA111531531	0.0299804	0.0229058	0.0108411	0.0776738	-0.0457459	0.0989471	-0.0156872	-0.285455	0.178803	0.47259	0.0984835	0.277526	0.00901388	-0.046722	0.0359027	-0.0195675	0.00558554	-0.00316384	0.0113611	-0.044351	-0.711812	-0.117744	0.00026922	-0.00869522	0.00479387	0.00174356	0.00039982	0.00305441	-0.000363247	-3.4947e-05	-0.000515476	-0.000258485	Swiss_modern	paired-end
SAMEA111531538	SAMEA111531538	0.0314372	-0.0118681	0.0355514	0.0692733	-0.0831942	0.0471288	-0.610025	0.0998327	-0.0500884	-0.0686823	0.038991	0.0416036	-0.00804378	-0.0647786	-0.0406236	-0.0140587	0.00482121	0.000607585	0.00620835	-0.00562261	0.00177592	-0.00117045	-1.46301e-05	-0.00470592	-0.000238018	-0.743933	0.0295219	0.00450941	-8.16525e-05	3.00736e-05	-0.000688082	-0.000282049	Swiss_modern	paired-end
SAMEA115112573	SAMEA115112573	0.0279202	-0.084313	0.0624367	0.298644	-0.449177	-0.748006	0.142856	0.0224962	-0.01533	-0.016576	0.0326899	0.0396316	-0.00881012	-0.211142	-0.195283	0.0216292	0.00127091	0.00119375	-0.00453458	-0.00597362	-0.00389999	-0.00128801	-0.0018186	-0.00192796	-0.00108169	-0.00179407	-0.000128725	0.00220881	-0.000833673	5.41699e-05	-7.0152e-05	-0.000308995	Swiss_modern	paired-end
SAMEA115112585	SAMEA115112585	0.0312566	0.0229324	0.0113749	0.0802216	-0.0420856	0.0955754	-0.0151034	-0.298651	0.177259	0.489492	0.107174	0.307286	0.0125387	-0.0611932	0.0337593	-0.0348601	0.00904195	0.00825434	0.00708472	0.00127285	0.682683	0.10778	0.0013123	0.00704854	-0.00321521	0.00398753	-0.00622121	0.00339352	-0.00011428	0.00052657	-0.000368272	-0.000266921	Swiss_modern	paired-end
SAMEA115112614	SAMEA115112614	0.0286184	0.0241505	0.00531226	0.111613	-0.0277452	0.139935	0.142934	-0.285237	-0.256209	-0.427184	0.105556	0.289329	0.0271604	0.00756962	-0.0343749	-0.678023	0.022822	-0.00080364	0.162012	-0.0143081	-0.0170715	0.0371493	0.00124859	-0.00295309	0.0208152	0.00243695	-0.000127685	0.0016497	-0.000566444	-0.000284104	0.000109947	-0.000294233	Swiss_modern	paired-end
SAMEA115112619	SAMEA115112619	0.0404252	0.0467587	0.025546	0.29501	0.809302	-0.337759	-0.0508367	-0.011354	-0.00986274	0.00926553	0.0014916	-0.0107422	0.00473105	-0.00526831	0.00908661	-0.0134997	0.00477554	0.0103343	-0.0111052	-0.322925	0.00566845	0.0055355	0.00164247	0.000912253	-0.00158822	0.00146685	0.000216257	0.00207262	-0.000303361	-6.91144e-05	0.000164863	-0.000278445	Swiss_modern	paired-end
SAMEA115112636	SAMEA115112636	0.0315847	0.0345979	0.00947233	0.1282	0.2588	-0.0710085	0.0102119	0.0109264	0.00925037	-0.00651376	-0.00390127	0.0097523	-0.00441088	0.00444659	-0.00373786	0.0269555	-0.0137467	-0.0257592	0.0148053	0.936475	-0.0290867	-0.0140252	-0.000858088	0.00342642	-0.00298047	0.00477629	-0.0109127	0.00428456	-0.00142911	-0.00136469	-0.000248389	-0.000393607	Swiss_modern	paired-end
SAMEA10833845	SAMEA10833845	0.0296529	0.0275696	0.00592839	0.0788265	-0.0320609	0.119874	0.0776355	-0.148619	-0.121387	-0.187344	0.0494512	0.0832901	0.00309505	-0.00382987	0.0168611	0.150625	0.0133574	0.0320822	-0.911343	-0.0156249	0.00800841	-0.0636088	0.00821782	0.00580123	0.0122174	-0.0014391	-0.00287775	0.00376704	-0.000833659	-0.000177405	-0.000298027	-0.000364297	Swiss_modern	paired-end
SAMEA5159829	SAMEA5159829	0.0302586	0.0366025	0.00804834	0.0395526	-0.0145557	0.0897112	0.0839648	0.187861	0.557569	-0.226719	0.13345	0.0187606	-0.00278672	-0.0383836	0.0200726	-0.027594	0.00667839	-0.000611912	0.003305	-0.0288471	0.00772266	-0.00104335	0.0112963	0.00195909	0.000728203	0.0328356	0.727893	0.00421431	-0.000843605	0.00035645	-0.00136151	-0.00026817	Swiss_modern	paired-end
SAMEA5159830	SAMEA5159830	0.0301762	0.0367205	0.00724527	0.0403328	-0.0171939	0.0946501	0.0901511	0.204338	0.594116	-0.242713	0.142762	0.0184819	-0.00187829	-0.0421288	0.0193873	-0.0336996	0.00830266	-0.00430266	0.00392196	-0.0446182	0.0013545	0.0023145	-0.00873221	0.00260254	-0.00131679	-0.0255398	-0.684124	0.0029774	-0.000433931	-0.000459845	0.000290165	-0.000152157	Swiss_modern	paired-end
IPCC01	IPCC01	0.0503029	0.0973647	0.0536861	-0.332351	0.0228402	-0.109671	-0.00235176	-0.0136394	-0.0173758	-0.000891714	-0.0102351	0.00846712	-0.00106626	-5.70039e-05	-0.00192992	-0.0127047	0.00545214	0.000202463	-0.00168074	-0.00786818	5.3742e-05	-0.00118724	-0.000478992	0.000298685	-0.00585926	0.00690744	-0.00164548	0.390434	-0.440294	-0.0592394	0.226638	0.655772	Chillingham	HiFi
IPCC02	IPCC02	0.050152	0.0971811	0.0534467	-0.331159	0.022741	-0.109217	-0.00235026	-0.0135186	-0.0171605	-0.00091531	-0.0101347	0.00839732	-0.0010114	-0.000110736	-0.00191893	-0.0126179	0.00539475	0.000235964	-0.00163133	-0.00783962	3.9266e-05	-0.0011223	-0.000420586	0.000262478	-0.00587611	0.00686303	-0.00176603	0.332518	-0.359149	-0.0467848	0.154914	-0.753042	Chillingham	HiFi
IPCC03	IPCC03	0.0501065	0.0933889	0.051833	-0.312394	0.0208934	-0.10147	-0.0028265	-0.011408	-0.0160623	-0.000358883	-0.00874317	0.00759285	-0.00096062	0.000102823	-0.00139636	-0.0101759	0.00529722	0.00112762	-0.00215913	-0.00565644	0.000301205	-0.00110584	-0.000756179	-5.96759e-05	-0.00624671	0.00529383	-0.00060114	-0.8543	-0.318567	-0.0665982	0.0863013	0.0112241	Chillingham	HiFi
IPCC04	IPCC04	0.0502294	0.0973252	0.0539031	-0.332605	0.0232495	-0.109691	-0.0023328	-0.0132301	-0.0177891	-0.00131166	-0.0102586	0.0082157	-0.00102591	-0.0001685	-0.00220039	-0.0125214	0.00603185	0.000809263	-0.00186406	-0.00663458	-4.30541e-05	-0.00125417	-0.00128941	-0.000696595	-0.0059909	0.00741418	-0.00278502	0.0662341	0.0351024	0.377634	-0.823952	0.0440061	Chillingham	HiFi
IPCC05	IPCC05	0.0501165	0.0968565	0.0534522	-0.329848	0.022345	-0.108572	-0.00210115	-0.0125565	-0.0174902	-0.000893681	-0.00958506	0.00884497	-0.00148186	-0.000301257	-0.00173587	-0.011856	0.00589402	0.00113301	-0.00179257	-0.00740783	0.000443472	-0.00227803	-0.00127903	-0.000828746	-0.00615808	0.00705788	-0.00110918	0.0481436	0.508576	-0.746745	-0.10917	0.0256929	Chillingham	HiFi
IPCC06	IPCC06	0.0501999	0.0966076	0.0534415	-0.327914	0.0224815	-0.107859	-0.00248535	-0.0125275	-0.017	-0.00124389	-0.00977609	0.00820223	-0.00124417	-0.000111037	-0.00179993	-0.0121007	0.00556586	0.000193977	-0.00221823	-0.0055799	-0.000217759	-0.00199039	-0.00120746	-0.000545837	-0.00625485	0.00701756	-0.0010959	-0.0134964	0.561937	0.53817	0.475782	0.0128791	Chillingham	HiFi
