sample	layout	read	remote_relpath	url	md5	bytes
ERR3305549	SE	R1	fastq_public/near_east_ancient/ERR3305549.fastq.gz	https://ftp.sra.ebi.ac.uk/vol1/fastq/ERR330/009/ERR3305549/ERR3305549.fastq.gz	205ebeba14877e33b9edfd0fe48c1bb5	268770994
ERR3305550	SE	R1	fastq_public/near_east_ancient/ERR3305550.fastq.gz	https://ftp.sra.ebi.ac.uk/vol1/fastq/ERR330/000/ERR3305550/ERR3305550.fastq.gz	7a233ccfbf4fdb600b32e0fd156eae5c	659626480
ERR3305552	SE	R1	fastq_public/near_east_ancient/ERR3305552.fastq.gz	https://ftp.sra.ebi.ac.uk/vol1/fastq/ERR330/002/ERR3305552/ERR3305552.fastq.gz	aa237bed648f14c6494c08e8aa35724f	2231940270
ERR3305553	SE	R1	fastq_public/near_east_ancient/ERR3305553.fastq.gz	https://ftp.sra.ebi.ac.uk/vol1/fastq/ERR330/003/ERR3305553/ERR3305553.fastq.gz	50eb5f3b50e6cfd294fe6ba59c072932	2364427661
ERR3305574	SE	R1	fastq_public/near_east_ancient/ERR3305574.fastq.gz	https://ftp.sra.ebi.ac.uk/vol1/fastq/ERR330/004/ERR3305574/ERR3305574.fastq.gz	1348eb213f6b9158023b3c6d9d7157a7	3452531638
ERR3305579	SE	R1	fastq_public/near_east_ancient/ERR3305579.fastq.gz	https://ftp.sra.ebi.ac.uk/vol1/fastq/ERR330/009/ERR3305579/ERR3305579.fastq.gz	fd0a9e2ff68e8fc461704585ce4bd470	1391948765
ERR3305580	SE	R1	fastq_public/near_east_ancient/ERR3305580.fastq.gz	https://ftp.sra.ebi.ac.uk/vol1/fastq/ERR330/000/ERR3305580/ERR3305580.fastq.gz	71fa4233199046693e03ca60d6ae4b66	418949709
ERR3305583	SE	R1	fastq_public/near_east_ancient/ERR3305583.fastq.gz	https://ftp.sra.ebi.ac.uk/vol1/fastq/ERR330/003/ERR3305583/ERR3305583.fastq.gz	17a54188e7f8cf7491b0e7f8d90e0227	1025830612
ERR3305584	SE	R1	fastq_public/near_east_ancient/ERR3305584.fastq.gz	https://ftp.sra.ebi.ac.uk/vol1/fastq/ERR330/004/ERR3305584/ERR3305584.fastq.gz	28f6880091f2ff4672c6837335bfd0cf	2304226011
ERR3317250	SE	R1	fastq_public/near_east_ancient/ERR3317250.fastq.gz	https://ftp.sra.ebi.ac.uk/vol1/fastq/ERR331/000/ERR3317250/ERR3317250.fastq.gz	d62826897dde37fc493dc735346ff435	27812791
ERR3317281	SE	R1	fastq_public/near_east_ancient/ERR3317281.fastq.gz	https://ftp.sra.ebi.ac.uk/vol1/fastq/ERR331/001/ERR3317281/ERR3317281.fastq.gz	267cd9fbcadf16d474f17bc0fa6bd7ba	1279373011
ERR3317282	SE	R1	fastq_public/near_east_ancient/ERR3317282.fastq.gz	https://ftp.sra.ebi.ac.uk/vol1/fastq/ERR331/002/ERR3317282/ERR3317282.fastq.gz	f08078b29fa2968ca100757a196cf0da	1813031782
ERR3317288	SE	R1	fastq_public/near_east_ancient/ERR3317288.fastq.gz	https://ftp.sra.ebi.ac.uk/vol1/fastq/ERR331/008/ERR3317288/ERR3317288.fastq.gz	f1bd6f39d21c5c5abd90c32cd4b6b467	2228351643
ERR3317293	SE	R1	fastq_public/near_east_ancient/ERR3317293.fastq.gz	https://ftp.sra.ebi.ac.uk/vol1/fastq/ERR331/003/ERR3317293/ERR3317293.fastq.gz	cf421715436f2e6d95105a38134dab99	1685292715
ERR3317294	SE	R1	fastq_public/near_east_ancient/ERR3317294.fastq.gz	https://ftp.sra.ebi.ac.uk/vol1/fastq/ERR331/004/ERR3317294/ERR3317294.fastq.gz	1cf3e86d3389f8182adb9f8cadd7614f	1525696544
ERR3317297	SE	R1	fastq_public/near_east_ancient/ERR3317297.fastq.gz	https://ftp.sra.ebi.ac.uk/vol1/fastq/ERR331/007/ERR3317297/ERR3317297.fastq.gz	714832c0b3c4f6fe60c7856c80c09846	2212645383
ERR3317298	SE	R1	fastq_public/near_east_ancient/ERR3317298.fastq.gz	https://ftp.sra.ebi.ac.uk/vol1/fastq/ERR331/008/ERR3317298/ERR3317298.fastq.gz	75d65cf1740d2fe9b54c87641839ee3c	1534498615
ERR3317315	SE	R1	fastq_public/near_east_ancient/ERR3317315.fastq.gz	https://ftp.sra.ebi.ac.uk/vol1/fastq/ERR331/005/ERR3317315/ERR3317315.fastq.gz	c69c00c153e23a8bba6b6080f3ebbe76	2120157115
ERR3327027	SE	R1	fastq_public/near_east_ancient/ERR3327027.fastq.gz	https://ftp.sra.ebi.ac.uk/vol1/fastq/ERR332/007/ERR3327027/ERR3327027.fastq.gz	f7d83a8a52aea6dc02499ed0ac38fe18	6145429
ERR3327028	SE	R1	fastq_public/near_east_ancient/ERR3327028.fastq.gz	https://ftp.sra.ebi.ac.uk/vol1/fastq/ERR332/008/ERR3327028/ERR3327028.fastq.gz	5fc6083f03c19dc7f866444631946d6c	4063806
ERR3327029	SE	R1	fastq_public/near_east_ancient/ERR3327029.fastq.gz	https://ftp.sra.ebi.ac.uk/vol1/fastq/ERR332/009/ERR3327029/ERR3327029.fastq.gz	1574bba986462490928cba382e732dc6	5941760
ERR3327030	SE	R1	fastq_public/near_east_ancient/ERR3327030.fastq.gz	https://ftp.sra.ebi.ac.uk/vol1/fastq/ERR332/000/ERR3327030/ERR3327030.fastq.gz	c38177e51d678398228939d03fd410c5	4121311
ERR3327089	SE	R1	fastq_public/near_east_ancient/ERR3327089.fastq.gz	https://ftp.sra.ebi.ac.uk/vol1/fastq/ERR332/009/ERR3327089/ERR3327089.fastq.gz	b2b13bcafe0140bea098cb797b4a61d2	3956290
ERR3327091	SE	R1	fastq_public/near_east_ancient/ERR3327091.fastq.gz	https://ftp.sra.ebi.ac.uk/vol1/fastq/ERR332/001/ERR3327091/ERR3327091.fastq.gz	7fd9c2dcf242636a59e85c70039b5ee7	3200104
ERR3327092	SE	R1	fastq_public/near_east_ancient/ERR3327092.fastq.gz	https://ftp.sra.ebi.ac.uk/vol1/fastq/ERR332/002/ERR3327092/ERR3327092.fastq.gz	de102c6e2684791b3e4063bc5faf2191	4227627
ERR3327094	SE	R1	fastq_public/near_east_ancient/ERR3327094.fastq.gz	https://ftp.sra.ebi.ac.uk/vol1/fastq/ERR332/004/ERR3327094/ERR3327094.fastq.gz	3b21f5e0158eb9a76d94bc319c0cb2b2	10912271
ERR3327095	SE	R1	fastq_public/near_east_ancient/ERR3327095.fastq.gz	https://ftp.sra.ebi.ac.uk/vol1/fastq/ERR332/005/ERR3327095/ERR3327095.fastq.gz	54b98c1d393a6dc55cdd1e0b9902579d	8710023
ERR3327096	SE	R1	fastq_public/near_east_ancient/ERR3327096.fastq.gz	https://ftp.sra.ebi.ac.uk/vol1/fastq/ERR332/006/ERR3327096/ERR3327096.fastq.gz	3388e78a00e876eab6e15cb364fc2bb8	8713345
ERR3327100	SE	R1	fastq_public/near_east_ancient/ERR3327100.fastq.gz	https://ftp.sra.ebi.ac.uk/vol1/fastq/ERR332/000/ERR3327100/ERR3327100.fastq.gz	39ea9d553a92d55b3b82f368e8f5ac8d	7732289
ERR3327102	SE	R1	fastq_public/near_east_ancient/ERR3327102.fastq.gz	https://ftp.sra.ebi.ac.uk/vol1/fastq/ERR332/002/ERR3327102/ERR3327102.fastq.gz	0063bdedc40079a888c0c4fe2fbfc75a	4988194
ERR3327108	SE	R1	fastq_public/near_east_ancient/ERR3327108.fastq.gz	https://ftp.sra.ebi.ac.uk/vol1/fastq/ERR332/008/ERR3327108/ERR3327108.fastq.gz	5c936b1477674db091f651070b61ec74	6887422
ERR3327112	SE	R1	fastq_public/near_east_ancient/ERR3327112.fastq.gz	https://ftp.sra.ebi.ac.uk/vol1/fastq/ERR332/002/ERR3327112/ERR3327112.fastq.gz	ad60d427e2736f6fef7029e93cd91cfe	6971128
SRR2464109	SE	R1	fastq_public/UK_aurochs/SRR2464109.fastq.gz	https://ftp.sra.ebi.ac.uk/vol1/fastq/SRR246/009/SRR2464109/SRR2464109.fastq.gz	44d8cd28535256fe1a55ff5c5d1deea9	106802718
ERR10445855	PE	R1	fastq_public/swiss/ERR10445855_1.fastq.gz	https://ftp.sra.ebi.ac.uk/vol1/fastq/ERR104/055/ERR10445855/ERR10445855_1.fastq.gz	dd5da96838da645a8fc05bf0bc46f673	9240171136
ERR10445855	PE	R2	fastq_public/swiss/ERR10445855_2.fastq.gz	https://ftp.sra.ebi.ac.uk/vol1/fastq/ERR104/055/ERR10445855/ERR10445855_2.fastq.gz	69d9318a3f4eaf50c8d3d5df4b71de3e	10974398436
ERR10445856	PE	R1	fastq_public/swiss/ERR10445856_1.fastq.gz	https://ftp.sra.ebi.ac.uk/vol1/fastq/ERR104/056/ERR10445856/ERR10445856_1.fastq.gz	35851f3d821c45722e13b9cd1bac43f1	9322231518
ERR10445856	PE	R2	fastq_public/swiss/ERR10445856_2.fastq.gz	https://ftp.sra.ebi.ac.uk/vol1/fastq/ERR104/056/ERR10445856/ERR10445856_2.fastq.gz	1e21fabe58ae579295d97b03dc365d52	10096797325
ERR10445861	PE	R1	fastq_public/swiss/ERR10445861_1.fastq.gz	https://ftp.sra.ebi.ac.uk/vol1/fastq/ERR104/061/ERR10445861/ERR10445861_1.fastq.gz	edd3b0aaab7e762656d36155f9892883	6425607715
ERR10445861	PE	R2	fastq_public/swiss/ERR10445861_2.fastq.gz	https://ftp.sra.ebi.ac.uk/vol1/fastq/ERR104/061/ERR10445861/ERR10445861_2.fastq.gz	b6a1d20ca2d3c37482f59194d5087ddd	6898329354
ERR10445862	PE	R1	fastq_public/swiss/ERR10445862_1.fastq.gz	https://ftp.sra.ebi.ac.uk/vol1/fastq/ERR104/062/ERR10445862/ERR10445862_1.fastq.gz	bfd5999e44ff3cb95d6e999ece2800c5	8970964373
ERR10445862	PE	R2	fastq_public/swiss/ERR10445862_2.fastq.gz	https://ftp.sra.ebi.ac.uk/vol1/fastq/ERR104/062/ERR10445862/ERR10445862_2.fastq.gz	0a14f6b136db283bd225b0e763e2b64e	9738019970
ERR10445863	PE	R1	fastq_public/swiss/ERR10445863_1.fastq.gz	https://ftp.sra.ebi.ac.uk/vol1/fastq/ERR104/063/ERR10445863/ERR10445863_1.fastq.gz	5a7b364a20af39847f47b4f1296048cc	8588457681
ERR10445863	PE	R2	fastq_public/swiss/ERR10445863_2.fastq.gz	https://ftp.sra.ebi.ac.uk/vol1/fastq/ERR104/063/ERR10445863/ERR10445863_2.fastq.gz	beda5a2dbe812654132d17ef3d5bcddd	9487902117
ERR10445865	PE	R1	fastq_public/swiss/ERR10445865_1.fastq.gz	https://ftp.sra.ebi.ac.uk/vol1/fastq/ERR104/065/ERR10445865/ERR10445865_1.fastq.gz	83cad865eaf984187df8f1a40d8167c9	6565531674
ERR10445865	PE	R2	fastq_public/swiss/ERR10445865_2.fastq.gz	https://ftp.sra.ebi.ac.uk/vol1/fastq/ERR104/065/ERR10445865/ERR10445865_2.fastq.gz	dcaa8f73da93986d683e779a85cf99c3	6719837473
ERR10445888	PE	R1	fastq_public/swiss/ERR10445888_1.fastq.gz	https://ftp.sra.ebi.ac.uk/vol1/fastq/ERR104/088/ERR10445888/ERR10445888_1.fastq.gz	8378be520b6ca1c137296c9d579cf207	7748533272
ERR10445888	PE	R2	fastq_public/swiss/ERR10445888_2.fastq.gz	https://ftp.sra.ebi.ac.uk/vol1/fastq/ERR104/088/ERR10445888/ERR10445888_2.fastq.gz	2f2d9bd01fda0e1e02c6440d14a19b0f	8350637039
ERR10445916	PE	R1	fastq_public/swiss/ERR10445916_1.fastq.gz	https://ftp.sra.ebi.ac.uk/vol1/fastq/ERR104/016/ERR10445916/ERR10445916_1.fastq.gz	63362bafbffe439f6ef4cff6b50ca9bf	9991270970
ERR10445916	PE	R2	fastq_public/swiss/ERR10445916_2.fastq.gz	https://ftp.sra.ebi.ac.uk/vol1/fastq/ERR104/016/ERR10445916/ERR10445916_2.fastq.gz	db193dbbf91296b245e48253da3ff09b	11231352156
ERR10445957	PE	R1	fastq_public/swiss/ERR10445957_1.fastq.gz	https://ftp.sra.ebi.ac.uk/vol1/fastq/ERR104/057/ERR10445957/ERR10445957_1.fastq.gz	ea32ad4f8f62f08a73f8cea616bb2fbf	9857105385
ERR10445957	PE	R2	fastq_public/swiss/ERR10445957_2.fastq.gz	https://ftp.sra.ebi.ac.uk/vol1/fastq/ERR104/057/ERR10445957/ERR10445957_2.fastq.gz	53befacbf006678538252321b162ccfc	11548878006
ERR10445964	PE	R1	fastq_public/swiss/ERR10445964_1.fastq.gz	https://ftp.sra.ebi.ac.uk/vol1/fastq/ERR104/064/ERR10445964/ERR10445964_1.fastq.gz	26744f732ffa5e69efd55b3054aa2277	7114691370
ERR10445964	PE	R2	fastq_public/swiss/ERR10445964_2.fastq.gz	https://ftp.sra.ebi.ac.uk/vol1/fastq/ERR104/064/ERR10445964/ERR10445964_2.fastq.gz	d2ef170e3d6ad6a135f1e0f710423008	7552764212
ERR11147943	PE	R1	fastq_public/swedish/ERR11147943_1.fastq.gz	https://ftp.sra.ebi.ac.uk/vol1/fastq/ERR111/043/ERR11147943/ERR11147943_1.fastq.gz	f30746355582450fe62966659766f344	34449331051
ERR11147943	PE	R2	fastq_public/swedish/ERR11147943_2.fastq.gz	https://ftp.sra.ebi.ac.uk/vol1/fastq/ERR111/043/ERR11147943/ERR11147943_2.fastq.gz	8aa0e44a7dfb903327e5d7c5d601bf3b	33266210845
ERR11147950	PE	R1	fastq_public/swedish/ERR11147950_1.fastq.gz	https://ftp.sra.ebi.ac.uk/vol1/fastq/ERR111/050/ERR11147950/ERR11147950_1.fastq.gz	d416f14801a09856d7e652b7e8f9dd14	26259973507
ERR11147950	PE	R2	fastq_public/swedish/ERR11147950_2.fastq.gz	https://ftp.sra.ebi.ac.uk/vol1/fastq/ERR111/050/ERR11147950/ERR11147950_2.fastq.gz	b25a75f4639bc936bb446b18dd6ce4e8	27844825390
ERR11147955	PE	R1	fastq_public/swedish/ERR11147955_1.fastq.gz	https://ftp.sra.ebi.ac.uk/vol1/fastq/ERR111/055/ERR11147955/ERR11147955_1.fastq.gz	ce4f3d735040d9f56edc26d8aea84c4c	30130665151
ERR11147955	PE	R2	fastq_public/swedish/ERR11147955_2.fastq.gz	https://ftp.sra.ebi.ac.uk/vol1/fastq/ERR111/055/ERR11147955/ERR11147955_2.fastq.gz	1fa2d01d158db74ed7e4197b7fe4c15f	31657075701
ERR11147962	PE	R1	fastq_public/swedish/ERR11147962_1.fastq.gz	https://ftp.sra.ebi.ac.uk/vol1/fastq/ERR111/062/ERR11147962/ERR11147962_1.fastq.gz	23fa1651aa741df77b04ebc94f4664bb	28592308580
ERR11147962	PE	R2	fastq_public/swedish/ERR11147962_2.fastq.gz	https://ftp.sra.ebi.ac.uk/vol1/fastq/ERR111/062/ERR11147962/ERR11147962_2.fastq.gz	74bd0e12ee034ba80911e275286fee83	26962704039
ERR11147963	PE	R1	fastq_public/swedish/ERR11147963_1.fastq.gz	https://ftp.sra.ebi.ac.uk/vol1/fastq/ERR111/063/ERR11147963/ERR11147963_1.fastq.gz	7be624b579d1856035ca853e8d7af691	28090188061
ERR11147963	PE	R2	fastq_public/swedish/ERR11147963_2.fastq.gz	https://ftp.sra.ebi.ac.uk/vol1/fastq/ERR111/063/ERR11147963/ERR11147963_2.fastq.gz	470e8765ecd530937fc13235bc77c669	26723054407
ERR11147965	PE	R1	fastq_public/swedish/ERR11147965_1.fastq.gz	https://ftp.sra.ebi.ac.uk/vol1/fastq/ERR111/065/ERR11147965/ERR11147965_1.fastq.gz	207a64af722d97c57f0e64d6104b2246	25795244825
ERR11147965	PE	R2	fastq_public/swedish/ERR11147965_2.fastq.gz	https://ftp.sra.ebi.ac.uk/vol1/fastq/ERR111/065/ERR11147965/ERR11147965_2.fastq.gz	5dc918a8e45180eb5cdc326b53b49fe3	27344729079
ERR12507148	PE	R1	fastq_public/swiss/ERR12507148_1.fastq.gz	https://ftp.sra.ebi.ac.uk/vol1/fastq/ERR125/048/ERR12507148/ERR12507148_1.fastq.gz	6bf4299ab7a2e81511b442bd0fc58351	9635804357
ERR12507148	PE	R2	fastq_public/swiss/ERR12507148_2.fastq.gz	https://ftp.sra.ebi.ac.uk/vol1/fastq/ERR125/048/ERR12507148/ERR12507148_2.fastq.gz	d8fc7fc8891617dd2f131a303478a0d4	10241389870
ERR12507160	PE	R1	fastq_public/swiss/ERR12507160_1.fastq.gz	https://ftp.sra.ebi.ac.uk/vol1/fastq/ERR125/060/ERR12507160/ERR12507160_1.fastq.gz	836204c5eedfe85f4064055bda05db99	9456201915
ERR12507160	PE	R2	fastq_public/swiss/ERR12507160_2.fastq.gz	https://ftp.sra.ebi.ac.uk/vol1/fastq/ERR125/060/ERR12507160/ERR12507160_2.fastq.gz	47757cee90ef12041d90b60ced524c5e	10425425504
ERR12507189	PE	R1	fastq_public/swiss/ERR12507189_1.fastq.gz	https://ftp.sra.ebi.ac.uk/vol1/fastq/ERR125/089/ERR12507189/ERR12507189_1.fastq.gz	501688b5dd29a5d306f1659a40148a8b	8982636535
ERR12507189	PE	R2	fastq_public/swiss/ERR12507189_2.fastq.gz	https://ftp.sra.ebi.ac.uk/vol1/fastq/ERR125/089/ERR12507189/ERR12507189_2.fastq.gz	c00a8f7a61231692aec87d352743af9e	9627176901
ERR12507194	PE	R1	fastq_public/swiss/ERR12507194_1.fastq.gz	https://ftp.sra.ebi.ac.uk/vol1/fastq/ERR125/094/ERR12507194/ERR12507194_1.fastq.gz	f5df6905f8febe9a72440200f80c8e27	10474739275
ERR12507194	PE	R2	fastq_public/swiss/ERR12507194_2.fastq.gz	https://ftp.sra.ebi.ac.uk/vol1/fastq/ERR125/094/ERR12507194/ERR12507194_2.fastq.gz	ba847359b8b1c59fc2863390e0673581	10719238360
ERR12507211	PE	R1	fastq_public/swiss/ERR12507211_1.fastq.gz	https://ftp.sra.ebi.ac.uk/vol1/fastq/ERR125/011/ERR12507211/ERR12507211_1.fastq.gz	af9f9e4ac509648029eaec84c4ffdbea	9750870210
ERR12507211	PE	R2	fastq_public/swiss/ERR12507211_2.fastq.gz	https://ftp.sra.ebi.ac.uk/vol1/fastq/ERR125/011/ERR12507211/ERR12507211_2.fastq.gz	683ac1d047ee93cf2f9f39894ba550b7	10356923190
ERR2985415	PE	R1	fastq_public/swiss/ERR2985415_1.fastq.gz	https://ftp.sra.ebi.ac.uk/vol1/fastq/ERR298/005/ERR2985415/ERR2985415_1.fastq.gz	812b6e80db32bab86dc725310b3116aa	7606572221
ERR2985415	PE	R2	fastq_public/swiss/ERR2985415_2.fastq.gz	https://ftp.sra.ebi.ac.uk/vol1/fastq/ERR298/005/ERR2985415/ERR2985415_2.fastq.gz	298eb9a2765142c15829881780f4083b	8065660916
ERR2985416	PE	R1	fastq_public/swiss/ERR2985416_1.fastq.gz	https://ftp.sra.ebi.ac.uk/vol1/fastq/ERR298/006/ERR2985416/ERR2985416_1.fastq.gz	dc9cb2bc95b00b034e0bac79886234fb	9727781790
ERR2985416	PE	R2	fastq_public/swiss/ERR2985416_2.fastq.gz	https://ftp.sra.ebi.ac.uk/vol1/fastq/ERR298/006/ERR2985416/ERR2985416_2.fastq.gz	697b21b6d4ee241614248f4abacf0dd4	10323838874
ERR7531196	PE	R1	fastq_public/swiss/ERR7531196_1.fastq.gz	https://ftp.sra.ebi.ac.uk/vol1/fastq/ERR753/006/ERR7531196/ERR7531196_1.fastq.gz	72d59e0f4b369be2a38e9430efaa4831	9762005500
ERR7531196	PE	R2	fastq_public/swiss/ERR7531196_2.fastq.gz	https://ftp.sra.ebi.ac.uk/vol1/fastq/ERR753/006/ERR7531196/ERR7531196_2.fastq.gz	a9d83636e536597309a60dd9458c83c7	10211292996
